,0,1,2,3,4,accuracy,macro avg,weighted avg
precision,0.0,0.3696969696969697,0.3218210361067504,0.3032200357781753,0.654178674351585,0.4338731443994602,0.32978334318669605,0.3907599364341358
recall,0.0,0.08677098150782361,0.292022792022792,0.4822190611664296,0.9700854700854701,0.4338731443994602,0.36621966095650305,0.4338731443994602
f1-score,0.0,0.14055299539170504,0.30619865571321886,0.3723228995057661,0.7814113597246127,0.4338731443994602,0.3200971820670605,0.3792354875000944
support,154.0,703.0,702.0,703.0,702.0,0.4338731443994602,2964.0,2964.0
