,0,1,2,3,4,accuracy,macro avg,weighted avg
precision,0.0,0.8559782608695652,0.38753959873284055,0.43847072879330945,0.6330049261083743,0.5273279352226721,0.4629987029008179,0.5487246613264284
recall,0.0,0.4480796586059744,0.5227920227920227,0.5220483641536273,0.7321937321937322,0.5273279352226721,0.4450227555490713,0.5273279352226721
f1-score,0.0,0.5882352941176471,0.4451182534869617,0.47662337662337667,0.678996036988111,0.5273279352226721,0.4377945922432193,0.5188002285575036
support,154.0,703.0,702.0,703.0,702.0,0.5273279352226721,2964.0,2964.0
