,0,1,2,3,4,accuracy,macro avg,weighted avg
precision,0.0,0.6461366181410975,0.38753056234718825,0.4201550387596899,0.6611842105263158,0.5286774628879892,0.4230012859548583,0.5012823229954296
recall,0.0,0.8207681365576103,0.4515669515669516,0.38549075391180654,0.5726495726495726,0.5286774628879892,0.4460950829371882,0.5286774628879892
f1-score,0.0,0.7230576441102757,0.41710526315789476,0.4020771513353116,0.6137404580152672,0.5286774628879892,0.4311961033237498,0.5110065645957516
support,154.0,703.0,702.0,703.0,702.0,0.5286774628879892,2964.0,2964.0
