,0,1,2,3,4,accuracy,macro avg,weighted avg
precision,0.0,0.6413043478260869,0.3882978723404255,0.4752252252252252,0.7255154639175257,0.5654520917678812,0.44606858186185266,0.5286158069865567
recall,0.0,0.6714082503556188,0.31196581196581197,0.6002844950213371,0.801994301994302,0.5654520917678812,0.477130571867414,0.5654520917678812
f1-score,0.0,0.6560111188325225,0.3459715639810426,0.5304839723444374,0.7618403247631935,0.5654520917678812,0.45886139598423925,0.5437887972320705
support,154.0,703.0,702.0,703.0,702.0,0.5654520917678812,2964.0,2964.0
