,0,1,2,3,4,accuracy,macro avg,weighted avg
precision,0.0,0.6273972602739726,0.43410852713178294,0.4703196347031963,0.649643705463183,0.5536437246963563,0.43629382551442697,0.5170340905703832
recall,0.0,0.65149359886202,0.3190883190883191,0.5860597439544808,0.7792022792022792,0.5536437246963563,0.46716878822141983,0.5536437246963563
f1-score,0.0,0.6392184228890438,0.36781609195402304,0.5218492716909436,0.7085492227979275,0.5536437246963563,0.4474866018663876,0.5303100675592444
support,154.0,703.0,702.0,703.0,702.0,0.5536437246963563,2964.0,2964.0
