,0,1,2,accuracy,macro avg,weighted avg
precision,1.0,0.8983180428134556,0.8579710144927536,0.8844422211105553,0.9187630191020698,0.8840910449906512
recall,0.16666666666666666,0.9230164964650432,0.8222222222222222,0.8844422211105553,0.6373017951179774,0.8844422211105553
f1-score,0.2857142857142857,0.9104998062766368,0.8397163120567377,0.8844422211105553,0.6786434680158867,0.8831297067460208
support,6.0,1273.0,720.0,0.8844422211105553,1999.0,1999.0
