,0,1,2,3,4,accuracy,macro avg,weighted avg
precision,0.9743589743589743,0.9526462395543176,0.9018232819074333,0.9625748502994012,0.9887165021156559,0.9524291497975709,0.9560239696471564,0.9526351675447554
recall,0.987012987012987,0.972972972972973,0.915954415954416,0.914651493598862,0.9985754985754985,0.9524291497975709,0.9578334736229474,0.9524291497975709
f1-score,0.9806451612903225,0.9627023223082337,0.9088339222614841,0.9380014587892049,0.9936215450035436,0.9524291497975709,0.9567608819305577,0.9523407054555528
support,154.0,703.0,702.0,703.0,702.0,0.9524291497975709,2964.0,2964.0
