,0,1,2,3,4,accuracy,macro avg,weighted avg
precision,0.6711409395973155,0.9444444444444444,0.7021052631578948,0.9832635983263598,0.7547770700636943,0.7958839406207827,0.8111462631179418,0.840243185954887
recall,1.0,0.9022346368715084,0.9315642458100558,0.32821229050279327,0.9930167597765364,0.7958839406207827,0.8310055865921788,0.7958839406207827
f1-score,0.8032128514056226,0.9228571428571429,0.8007202881152461,0.4921465968586387,0.8576598311218336,0.7958839406207827,0.7753193420716968,0.7695223104422438
support,100.0,716.0,716.0,716.0,716.0,0.7958839406207827,2964.0,2964.0
