,0,1,2,3,4,accuracy,macro avg,weighted avg
precision,0.993421052631579,0.931787175989086,0.885593220338983,0.959214501510574,0.9873060648801129,0.9433198380566802,0.9514644030700671,0.9437032117447129
recall,0.9805194805194806,0.9715504978662873,0.8931623931623932,0.903271692745377,0.9971509971509972,0.9433198380566802,0.949131012288907,0.9433198380566802
f1-score,0.9869281045751634,0.9512534818941505,0.8893617021276596,0.9304029304029304,0.9922041105598867,0.9433198380566802,0.9500300659119582,0.9432019522456412
support,154.0,703.0,702.0,703.0,702.0,0.9433198380566802,2964.0,2964.0
