,0,1,2,3,4,accuracy,macro avg,weighted avg
precision,0.8939393939393939,0.9624478442280946,0.9136490250696379,0.9420289855072463,0.9914893617021276,0.9497300944669366,0.9407109220893,0.9493660679771898
recall,0.7662337662337663,0.984352773826458,0.9344729344729344,0.9246088193456614,0.9957264957264957,0.9497300944669366,0.9210789579210632,0.9497300944669366
f1-score,0.8251748251748252,0.9732770745428974,0.923943661971831,0.9332376166547021,0.9936034115138592,0.9497300944669366,0.9298473179716229,0.9492155184128847
support,154.0,703.0,702.0,703.0,702.0,0.9497300944669366,2964.0,2964.0
