,0,1,2,3,4,accuracy,macro avg,weighted avg
precision,0.976,0.9406896551724138,0.9387144992526159,0.8389830508474576,0.8629579375848032,0.898110661268556,0.9114690285714581,0.8987108810488111
recall,0.9838709677419355,0.9605633802816902,0.8845070422535212,0.8366197183098592,0.895774647887324,0.898110661268556,0.912267151294866,0.898110661268556
f1-score,0.9799196787148594,0.9505226480836237,0.9108049311094997,0.8377997179125528,0.8790601243953006,0.898110661268556,0.9116214200431673,0.8981184579710986
support,124.0,710.0,710.0,710.0,710.0,0.898110661268556,2964.0,2964.0
