,0,1,accuracy,macro avg,weighted avg
precision,0.9852941176470589,1.0,0.9996626180836707,0.9926470588235294,0.9996675795824403
recall,1.0,0.9996548153261995,0.9996626180836707,0.9998274076630997,0.9996626180836707
f1-score,0.9925925925925926,0.9998273778698429,0.9996626180836707,0.9962099852312177,0.9996638385265312
support,67.0,2897.0,0.9996626180836707,2964.0,2964.0
