,0,1,accuracy,macro avg,weighted avg
precision,1.0,0.998496993987976,0.9984992496248124,0.999248496993988,0.9985015052616488
recall,0.5,1.0,0.9984992496248124,0.75,0.9984992496248124
f1-score,0.6666666666666666,0.9992479318124844,0.9984992496248124,0.8329572992395755,0.9982496888955885
support,6.0,1993.0,0.9984992496248124,1999.0,1999.0
