,0,1,2,3,4,accuracy,macro avg,weighted avg
precision,0.9824561403508771,0.9335106382978723,0.898876404494382,0.9244992295839753,0.7716312056737589,0.8846153846153846,0.9021947236801731,0.8908569640365438
recall,0.875,0.9128738621586476,0.9362808842652796,0.7802340702210663,0.9173693086003373,0.8846153846153846,0.8843516250490662,0.8846153846153846
f1-score,0.9256198347107438,0.923076923076923,0.9171974522292993,0.8462623413258109,0.8382126348228043,0.8846153846153846,0.8900738372331162,0.8846985482326061
support,64.0,769.0,769.0,769.0,593.0,0.8846153846153846,2964.0,2964.0
