,0,1,2,3,4,accuracy,macro avg,weighted avg
precision,1.0,0.9611992945326279,0.7439916405433646,0.8635135135135135,0.8280757097791798,0.8390688259109311,0.8793560316737372,0.8538508476436553
recall,0.9850746268656716,0.7096354166666666,0.9270833333333334,0.83203125,0.8853288364249579,0.8390688259109311,0.8678306926581258,0.8390688259109311
f1-score,0.9924812030075187,0.8164794007490636,0.8255072463768116,0.8474801061007957,0.8557457212713936,0.8390688259109311,0.8675387355011166,0.8386855329937664
support,67.0,768.0,768.0,768.0,593.0,0.8390688259109311,2964.0,2964.0
