,0,1,accuracy,macro avg,weighted avg
precision,1.0,0.9993160054719562,0.9993252361673415,0.999658002735978,0.9993256977021108
recall,0.9523809523809523,1.0,0.9993252361673415,0.9761904761904762,0.9993252361673415
f1-score,0.975609756097561,0.9996578857338352,0.9993252361673415,0.9876338209156981,0.9993171227632807
support,42.0,2922.0,0.9993252361673415,2964.0,2964.0
