,0,1,2,3,4,accuracy,macro avg,weighted avg
precision,0.8913043478260869,0.7594810379241517,0.9781021897810219,0.8422301304863582,0.8761904761904762,0.8461538461538461,0.8694616364416191,0.8635999939217952
recall,0.9761904761904762,0.9794079794079794,0.6907216494845361,0.9149484536082474,0.7757166947723441,0.8461538461538461,0.8673970506927166,0.8461538461538461
f1-score,0.9318181818181818,0.8555368184373243,0.809667673716012,0.8770846201358863,0.8228980322003577,0.8461538461538461,0.8594010652615524,0.8437202377483299
support,42.0,777.0,776.0,776.0,593.0,0.8461538461538461,2964.0,2964.0
