,0,1,2,3,4,accuracy,macro avg,weighted avg
precision,0.9538461538461539,0.9213333333333333,0.9089635854341737,0.9175824175824175,0.9886845827439887,0.9342105263157895,0.9380820145880133,0.9351548902318322
recall,0.4025974025974026,0.9829302987197724,0.9245014245014245,0.9502133712660028,0.9957264957264957,0.9342105263157895,0.8511937985622197,0.9342105263157895
f1-score,0.5662100456621004,0.9511355815554027,0.9166666666666667,0.9336128581411599,0.9921930447125621,0.9342105263157895,0.8719636393475783,0.928540491743207
support,154.0,703.0,702.0,703.0,702.0,0.9342105263157895,2964.0,2964.0
