,0,1,2,accuracy,macro avg,weighted avg
precision,1.0,0.9268867924528302,0.8713692946058091,0.9069534767383692,0.9327520290195465,0.9070821717912899
recall,0.6666666666666666,0.9268867924528302,0.8737864077669902,0.9069534767383692,0.8224466222954957,0.9069534767383692
f1-score,0.8,0.9268867924528302,0.8725761772853184,0.9069534767383692,0.866487656579383,0.9069171704966055
support,6.0,1272.0,721.0,0.9069534767383692,1999.0,1999.0
