,0,1,2,3,4,accuracy,macro avg,weighted avg
precision,0.9411764705882353,0.9302631578947368,0.8950953678474114,0.8190364277320799,0.8732394366197183,0.8788798920377868,0.8917621721364363,0.880802771137205
recall,1.0,0.912258064516129,0.8488372093023255,0.900516795865633,0.836424957841484,0.8788798920377868,0.8996074055051142,0.8788798920377868
f1-score,0.9696969696969697,0.9211726384364821,0.8713527851458885,0.8578461538461538,0.8544358311800171,0.8788798920377868,0.8949008756611023,0.8790602820524018
support,48.0,775.0,774.0,774.0,593.0,0.8788798920377868,2964.0,2964.0
