,0,1,accuracy,macro avg,weighted avg
precision,0.9645804676753783,0.9107142857142857,0.9635627530364372,0.937647376694832,0.9617817524182906
recall,0.998220640569395,0.33116883116883117,0.9635627530364372,0.6646947358691131,0.9635627530364372
f1-score,0.9811122770199371,0.4857142857142857,0.9635627530364372,0.7334132813671114,0.9553729751774708
support,2810.0,154.0,0.9635627530364372,2964.0,2964.0
