,0,1,2,3,4,accuracy,macro avg,weighted avg
precision,0.9465648854961832,0.8203939745075318,0.8746081504702194,0.8239247311827957,0.8503401360544217,0.8444669365721997,0.8631663755422305,0.8462557225863861
recall,1.0,0.945260347129506,0.7449933244325768,0.8184245660881175,0.8431703204047217,0.8444669365721997,0.8703697116109843,0.8444669365721997
f1-score,0.9725490196078431,0.8784119106699751,0.8046142754145639,0.8211654387139987,0.8467400508044031,0.8444669365721997,0.8646961390421568,0.842898939113525
support,124.0,749.0,749.0,749.0,593.0,0.8444669365721997,2964.0,2964.0
