,0,1,accuracy,macro avg,weighted avg
precision,0.75,0.9984962406015038,0.9979989994997499,0.8742481203007519,0.9977503789488729
recall,0.5,0.9994982438534872,0.9979989994997499,0.7497491219267436,0.9979989994997499
f1-score,0.6,0.9989969909729187,0.9979989994997499,0.7994984954864593,0.997799401205116
support,6.0,1993.0,0.9979989994997499,1999.0,1999.0
