,0,1,2,3,4,accuracy,macro avg,weighted avg
precision,0.9572649572649573,0.8812664907651715,0.8256274768824307,0.8393854748603352,0.836038961038961,0.8505398110661269,0.867916672162371,0.8503148445743104
recall,1.0,0.8871181938911022,0.8300132802124834,0.798140770252324,0.8684654300168634,0.8505398110661269,0.8767475348745547,0.8505398110661269
f1-score,0.9781659388646288,0.884182660489742,0.8278145695364238,0.8182437031994553,0.8519437551695616,0.8505398110661269,0.8720701254519623,0.8502120967231044
support,112.0,753.0,753.0,753.0,593.0,0.8505398110661269,2964.0,2964.0
