,0,1,accuracy,macro avg,weighted avg
precision,1.0,0.9989974937343359,0.9989994997498749,0.9994987468671679,0.9990005027576446
recall,0.6666666666666666,1.0,0.9989994997498749,0.8333333333333333,0.9989994997498749
f1-score,0.8,0.9994984954864594,0.9989994997498749,0.8997492477432297,0.9988997006025581
support,6.0,1993.0,0.9989994997498749,1999.0,1999.0
