,0,1,accuracy,macro avg,weighted avg
precision,0.9982238010657194,1.0,0.9983130904183536,0.9991119005328597,0.9983160867053548
recall,1.0,0.9675324675324676,0.9983130904183536,0.9837662337662338,0.9983130904183536
f1-score,0.9991111111111112,0.9834983498349835,0.9983130904183536,0.9913047304730473,0.9982999217600572
support,2810.0,154.0,0.9983130904183536,2964.0,2964.0
