,0,1,2,3,4,accuracy,macro avg,weighted avg
precision,0.905511811023622,0.967605633802817,0.9321074964639321,0.9339887640449438,0.9887005649717514,0.9534412955465587,0.9455828540614133,0.9529949189313305
recall,0.7467532467532467,0.9772403982930299,0.9387464387464387,0.9459459459459459,0.9971509971509972,0.9534412955465587,0.9211674053779317,0.9534412955465587
f1-score,0.8185053380782917,0.9723991507430998,0.93541518807665,0.9399293286219081,0.9929078014184398,0.9534412955465587,0.9318313613876779,0.9528000950348214
support,154.0,703.0,702.0,703.0,702.0,0.9534412955465587,2964.0,2964.0
