,0,1,2,3,4,accuracy,macro avg,weighted avg
precision,0.9519230769230769,0.7217217217217218,0.8844621513944223,0.8711409395973154,0.8680781758957655,0.8252361673414305,0.8594652131064604,0.8384944498051908
recall,0.99,0.952443857331572,0.5865257595772787,0.857331571994716,0.8988195615514334,0.8252361673414305,0.8570241500910001,0.8252361673414305
f1-score,0.9705882352941176,0.8211845102505696,0.7053216838760922,0.8641810918774966,0.8831814415907208,0.8252361673414305,0.8488913925777993,0.8200187901139868
support,100.0,757.0,757.0,757.0,593.0,0.8252361673414305,2964.0,2964.0
