,0,1,2,3,4,accuracy,macro avg,weighted avg
precision,0.9560439560439561,0.9474393530997305,0.92524682651622,0.8465608465608465,0.9444444444444444,0.9159919028340081,0.9239470853330396,0.9171652885489713
recall,0.9560439560439561,0.9777468706536857,0.9136490250696379,0.8913649025069638,0.8760445682451253,0.9159919028340081,0.9229698645038736,0.9159919028340081
f1-score,0.9560439560439561,0.9623545516769336,0.9194113524877365,0.8683853459972863,0.9089595375722543,0.9159919028340081,0.9230309487556333,0.9160606950556143
support,91.0,719.0,718.0,718.0,718.0,0.9159919028340081,2964.0,2964.0
