,0,1,2,3,4,accuracy,macro avg,weighted avg
precision,0.9572649572649573,0.9167785234899329,0.8978328173374613,0.8159509202453987,0.8233830845771144,0.8667341430499326,0.882242060582973,0.8670299280236368
recall,1.0,0.9579242636746143,0.8134642356241234,0.7461430575035063,0.9284712482468443,0.8667341430499326,0.8892005610098177,0.8667341430499326
f1-score,0.9781659388646288,0.9368998628257887,0.8535688005886681,0.7794871794871795,0.8727752142386288,0.8667341430499326,0.8841793992009788,0.8651220745255895
support,112.0,713.0,713.0,713.0,713.0,0.8667341430499326,2964.0,2964.0
