,0,1,accuracy,macro avg,weighted avg
precision,0.9841269841269841,0.9996476391825229,0.9989878542510121,0.9918873116547535,0.9989930906393574
recall,0.992,0.9992955265938711,0.9989878542510121,0.9956477632969356,0.9989878542510121
f1-score,0.9880478087649401,0.9994715518759908,0.9989878542510121,0.9937596803204655,0.9989897813331833
support,125.0,2839.0,0.9989878542510121,2964.0,2964.0
