,0,1,2,3,4,accuracy,macro avg,weighted avg
precision,0.5555555555555556,0.8949211908931699,0.5207803223070399,0.8225806451612904,0.7532051282051282,0.6751012145748988,0.7094085684244369,0.739826201872873
recall,0.967741935483871,0.719718309859155,0.8647887323943662,0.07183098591549296,0.9929577464788732,0.6751012145748988,0.7234075420263517,0.6751012145748988
f1-score,0.7058823529411765,0.7978142076502733,0.6500794070937004,0.13212435233160622,0.8566221142162819,0.6751012145748988,0.6285044868466076,0.6132064336983561
support,124.0,710.0,710.0,710.0,710.0,0.6751012145748988,2964.0,2964.0
