,0,1,accuracy,macro avg,weighted avg
precision,0.9935064935064936,0.999644128113879,0.9993252361673415,0.9965753108101862,0.9993252361673415
recall,0.9935064935064936,0.999644128113879,0.9993252361673415,0.9965753108101862,0.9993252361673415
f1-score,0.9935064935064936,0.999644128113879,0.9993252361673415,0.9965753108101862,0.9993252361673415
support,154.0,2810.0,0.9993252361673415,2964.0,2964.0
