,0,1,2,3,4,accuracy,macro avg,weighted avg
precision,0.6180555555555556,0.9380165289256198,0.4984894259818731,0.8697916666666666,0.8658536585365854,0.7017543859649122,0.75804136713326,0.7877144707165977
recall,0.978021978021978,0.631432545201669,0.9192200557103064,0.23259052924791088,0.9888579387186629,0.7017543859649122,0.7500246093801055,0.7017543859649122
f1-score,0.7574468085106383,0.7547797173732336,0.6464250734573947,0.36703296703296706,0.9232769830949283,0.7017543859649122,0.6897923098938324,0.6755027069163501
support,91.0,719.0,718.0,718.0,718.0,0.7017543859649122,2964.0,2964.0
