,0,1,2,3,4,accuracy,macro avg,weighted avg
precision,0.925,0.8804627249357326,0.8603425559947299,0.8965034965034965,0.8575949367088608,0.8755060728744939,0.883980742828564,0.8762089974082873
recall,0.8131868131868132,0.9013157894736842,0.8592105263157894,0.843421052631579,0.9139966273187183,0.8755060728744939,0.8662261617853169,0.8755060728744939
f1-score,0.8654970760233918,0.8907672301690506,0.859776168531929,0.8691525423728813,0.8848979591836734,0.8755060728744939,0.8740181952561852,0.8753284881680774
support,91.0,760.0,760.0,760.0,593.0,0.8755060728744939,2964.0,2964.0
