,0,1,2,3,4,accuracy,macro avg,weighted avg
precision,0.9121621621621622,0.984149855907781,0.9546120058565154,0.9293478260869565,0.9943100995732574,0.9625506072874493,0.9549163899173345,0.9628222541926362
recall,0.8766233766233766,0.9715504978662873,0.9287749287749287,0.972972972972973,0.9957264957264957,0.9625506072874493,0.9491296543928123,0.9625506072874493
f1-score,0.8940397350993379,0.9778095919828202,0.9415162454873647,0.9506601806810285,0.995017793594306,0.9625506072874493,0.9518087093689713,0.9624977276731838
support,154.0,703.0,702.0,703.0,702.0,0.9625506072874493,2964.0,2964.0
