,0,1,2,3,4,accuracy,macro avg,weighted avg
precision,0.75,0.9430656934306569,0.8663101604278075,0.8958611481975968,0.9915014164305949,0.918353576248313,0.8893476836973313,0.9151313416394268
recall,0.37012987012987014,0.918918918918919,0.9230769230769231,0.9544807965860598,0.9971509971509972,0.918353576248313,0.8327515011725538,0.918353576248313
f1-score,0.49565217391304356,0.930835734870317,0.8937931034482759,0.9242424242424243,0.9943181818181818,0.918353576248313,0.8477683236584486,0.9129232465910658
support,154.0,703.0,702.0,703.0,702.0,0.918353576248313,2964.0,2964.0
