,0,1,2,3,4,accuracy,macro avg,weighted avg
precision,0.9586776859504132,0.9842632331902719,0.9261838440111421,0.9265927977839336,0.9914772727272727,0.9568151147098516,0.9574389667326066,0.9572085888534404
recall,0.7532467532467533,0.9786628733997155,0.9472934472934473,0.9516358463726885,0.9943019943019943,0.9568151147098516,0.9250281829229199,0.9568151147098516
f1-score,0.8436363636363637,0.9814550641940085,0.9366197183098591,0.9389473684210526,0.9928876244665717,0.9568151147098516,0.9387092278055711,0.956301303899272
support,154.0,703.0,702.0,703.0,702.0,0.9568151147098516,2964.0,2964.0
