,0,1,2,3,4,accuracy,macro avg,weighted avg
precision,0.9807692307692307,0.9305177111716622,0.8174807197943444,0.9744463373083475,0.9873060648801129,0.9257759784075573,0.9381040127847395,0.9302255433405457
recall,0.9935064935064936,0.9715504978662873,0.905982905982906,0.813655761024182,0.9971509971509972,0.9257759784075573,0.9363693311061733,0.9257759784075573
f1-score,0.9870967741935484,0.9505915100904662,0.8594594594594593,0.8868217054263566,0.9922041105598867,0.9257759784075573,0.9352347119459434,0.9256350269526701
support,154.0,703.0,702.0,703.0,702.0,0.9257759784075573,2964.0,2964.0
