,0,1,2,3,4,accuracy,macro avg,weighted avg
precision,0.9407407407407408,0.9664335664335665,0.9350282485875706,0.9498567335243553,0.9901129943502824,0.9595141700404858,0.9564344567273032,0.9593371482749211
recall,0.8246753246753247,0.9829302987197724,0.9430199430199431,0.9431009957325747,0.9985754985754985,0.9595141700404858,0.9384604121446227,0.9595141700404858
f1-score,0.8788927335640138,0.9746121297602257,0.9390070921985816,0.9464668094218415,0.9943262411347519,0.9595141700404858,0.9466610012158829,0.9591997217320686
support,154.0,703.0,702.0,703.0,702.0,0.9595141700404858,2964.0,2964.0
