,0,1,2,3,4,accuracy,macro avg,weighted avg
precision,0.9685534591194969,0.9327176781002638,0.8990450204638472,0.9313432835820895,0.8928571428571429,0.9173414304993253,0.9249033168245682,0.9178666799003814
recall,1.0,0.9566982408660352,0.8917456021650879,0.8443843031123139,0.96964586846543,0.9173414304993253,0.9324948029217734,0.9173414304993253
f1-score,0.9840255591054313,0.9445557782231128,0.8953804347826086,0.885734563520227,0.9296685529506872,0.9173414304993253,0.9278729777164134,0.9167017853760695
support,154.0,739.0,739.0,739.0,593.0,0.9173414304993253,2964.0,2964.0
