,0,1,2,3,4,accuracy,macro avg,weighted avg
precision,0.0,0.8564814814814815,0.5692307692307692,0.51009564293305,0.7112676056338029,0.6443994601889339,0.5294150998558208,0.6273999924488345
recall,0.0,0.7894736842105263,0.5270655270655271,0.6827880512091038,0.7193732193732194,0.6443994601889339,0.5437400963716753,0.6443994601889339
f1-score,0.0,0.8216136195410806,0.5473372781065089,0.5839416058394161,0.7152974504249292,0.6443994601889339,0.533637990782387,0.6324139348419564
support,154.0,703.0,702.0,703.0,702.0,0.6443994601889339,2964.0,2964.0
