,0,1,2,3,4,accuracy,macro avg,weighted avg
precision,0.96,0.9007299270072993,0.8116531165311653,0.8463444857496902,0.9887165021156559,0.8852901484480432,0.9014888062807621,0.8906520865243699
recall,0.15584415584415584,0.8776671408250356,0.8532763532763533,0.9715504978662873,0.9985754985754985,0.8852901484480432,0.7713827292774662,0.8852901484480432
f1-score,0.2681564245810056,0.8890489913544669,0.8319444444444446,0.9046357615894041,0.9936215450035436,0.8852901484480432,0.777481433394573,0.8717286758763508
support,154.0,703.0,702.0,703.0,702.0,0.8852901484480432,2964.0,2964.0
