,0,1,2,3,4,accuracy,macro avg,weighted avg
precision,0.0,0.5414534288638689,0.3727810650887574,0.477792732166891,0.6743554952510177,0.529689608636977,0.41327654427410704,0.4897503092318307
recall,0.0,0.7524893314366998,0.2692307692307692,0.5049786628733998,0.707977207977208,0.529689608636977,0.4469351943036154,0.529689608636977
f1-score,0.0,0.6297619047619047,0.3126550868486352,0.4910096818810512,0.6907574704656011,0.529689608636977,0.42483682879143847,0.5034743726871093
support,154.0,703.0,702.0,703.0,702.0,0.529689608636977,2964.0,2964.0
