,0,1,2,3,4,accuracy,macro avg,weighted avg
precision,0.859375,0.9133333333333333,0.8990182328190743,0.9085948158253752,0.9914772727272727,0.9261133603238867,0.9143597309410112,0.9245233076086733
recall,0.35714285714285715,0.9743954480796586,0.9131054131054132,0.9473684210526315,0.9943019943019943,0.9261133603238867,0.837262826736511,0.9261133603238867
f1-score,0.5045871559633027,0.9428768066070199,0.9060070671378092,0.9275766016713092,0.9928876244665717,0.9261133603238867,0.8547870511692025,0.9195881381728371
support,154.0,703.0,702.0,703.0,702.0,0.9261133603238867,2964.0,2964.0
