,0,1,2,3,4,accuracy,macro avg,weighted avg
precision,0.9934640522875817,0.9596100278551533,0.8806970509383378,0.9717868338557993,0.9901269393511989,0.951417004048583,0.9591369808576141,0.9527948377254865
recall,0.987012987012987,0.9800853485064012,0.9358974358974359,0.8819345661450925,1.0,0.951417004048583,0.9569860675123835,0.951417004048583
f1-score,0.990228013029316,0.9697396199859255,0.9074585635359117,0.9246830723340791,0.9950389794472005,0.951417004048583,0.9574296496664866,0.9513588197981182
support,154.0,703.0,702.0,703.0,702.0,0.951417004048583,2964.0,2964.0
