,0,1,2,3,4,accuracy,macro avg,weighted avg
precision,0.8807339449541285,0.9465753424657535,0.9197786998616874,0.9471428571428572,0.9914529914529915,0.9483805668016194,0.9371367671754836,0.9475713796054972
recall,0.6233766233766234,0.9829302987197724,0.9472934472934473,0.9431009957325747,0.9914529914529915,0.9483805668016194,0.8976308713150818,0.9483805668016194
f1-score,0.7300380228136882,0.9644103279832521,0.9333333333333333,0.9451176051318603,0.9914529914529915,0.9483805668016194,0.9128704561430251,0.9467017518533172
support,154.0,703.0,702.0,703.0,702.0,0.9483805668016194,2964.0,2964.0
