,0,1,2,3,4,accuracy,macro avg,weighted avg
precision,0.5233644859813084,0.4110824742268041,0.4328125,1.0,0.7495495495495496,0.48785425101214575,0.6233618019515323,0.6436379108915137
recall,1.0,0.8948106591865358,0.3884992987377279,0.004207573632538569,0.5834502103786816,0.48785425101214575,0.5741935483870967,0.48785425101214575
f1-score,0.6871165644171778,0.5633554083885209,0.4094604582409461,0.008379888268156424,0.6561514195583596,0.48785425101214575,0.4648927477746322,0.4198331952097975
support,112.0,713.0,713.0,713.0,713.0,0.48785425101214575,2964.0,2964.0
