,0,1,2,3,4,accuracy,macro avg,weighted avg
precision,0.8088235294117647,0.9360544217687075,0.9396170839469808,0.9475177304964539,0.9887165021156559,0.9463562753036437,0.9241458535479126,0.9454791578906178
recall,0.7142857142857143,0.9786628733997155,0.9088319088319088,0.9502133712660028,0.9985754985754985,0.9463562753036437,0.9101138732717681,0.9463562753036437
f1-score,0.7586206896551725,0.9568845618915158,0.9239681390296887,0.9488636363636364,0.9936215450035436,0.9463562753036437,0.9163917143887114,0.9455858730673407
support,154.0,703.0,702.0,703.0,702.0,0.9463562753036437,2964.0,2964.0
