,0,1,2,3,4,accuracy,macro avg,weighted avg
precision,1.0,0.8633004926108374,0.8975265017667845,0.8556149732620321,0.9887005649717514,0.9038461538461539,0.9210285065222811,0.9063862933060322
recall,0.8441558441558441,0.9971550497866287,0.7236467236467237,0.9103840682788051,0.9971509971509972,0.9038461538461539,0.8944985366037997,0.9038461538461539
f1-score,0.9154929577464789,0.9254125412541254,0.801261829652997,0.8821502412129566,0.9929078014184398,0.9038461538461539,0.9034450742569995,0.9012178247569045
support,154.0,703.0,702.0,703.0,702.0,0.9038461538461539,2964.0,2964.0
