,0,1,accuracy,macro avg,weighted avg
precision,0.999288256227758,0.987012987012987,0.9986504723346828,0.9931506216203725,0.9986504723346828
recall,0.999288256227758,0.987012987012987,0.9986504723346828,0.9931506216203725,0.9986504723346828
f1-score,0.999288256227758,0.987012987012987,0.9986504723346828,0.9931506216203725,0.9986504723346828
support,2810.0,154.0,0.9986504723346828,2964.0,2964.0
