,0,1,accuracy,macro avg,weighted avg
precision,0.9655291278869356,0.8571428571428571,0.963225371120108,0.9113359925148963,0.9598977224569126
recall,0.996797153024911,0.35064935064935066,0.963225371120108,0.6737232518371308,0.963225371120108
f1-score,0.9809140255646996,0.4976958525345621,0.963225371120108,0.7393049390496309,0.9558075482885049
support,2810.0,154.0,0.963225371120108,2964.0,2964.0
