,0,1,2,3,4,accuracy,macro avg,weighted avg
precision,0.9596774193548387,0.9730878186968839,0.9374110953058321,0.9294605809128631,0.9901129943502824,0.9574898785425101,0.9579499817241401,0.9576260993403811
recall,0.7727272727272727,0.9772403982930299,0.9387464387464387,0.9559032716927454,0.9985754985754985,0.9574898785425101,0.9286385760069971,0.9574898785425101
f1-score,0.8561151079136691,0.9751596877217884,0.9380782918149466,0.9424964936886395,0.9943262411347519,0.9574898785425101,0.9412351644547592,0.9569844818761554
support,154.0,703.0,702.0,703.0,702.0,0.9574898785425101,2964.0,2964.0
