,0,1,2,3,4,accuracy,macro avg,weighted avg
precision,0.934640522875817,0.9759547383309759,0.9549418604651163,0.956338028169014,0.9929178470254958,0.9682860998650472,0.9629585993732839,0.9681963461642302
recall,0.9285714285714286,0.9815078236130867,0.9358974358974359,0.9658605974395448,0.9985754985754985,0.9682860998650472,0.9620825568193989,0.9682860998650472
f1-score,0.9315960912052117,0.9787234042553191,0.9453237410071943,0.9610757254069355,0.9957386363636364,0.9682860998650472,0.9624915196476594,0.9682086285804625
support,154.0,703.0,702.0,703.0,702.0,0.9682860998650472,2964.0,2964.0
